question,answer
 کدام ماده ذخیره کنندهٔ اطلاعات وراثتی است؟, دنا
 چگونه دانشمندان به این پاسخ رسیده‌اند؟, از طریق آزمایش‌ها و باکتری‌شناسی توسط گریفیت.
 چه تجربه‌ای توسط گریفیت انجام شد؟, آزمایش‌هایی با دو نوع باکتری بر روی موش‌ها.
 کدام نوع باکتری به نام استرپتوکوکوس نومونیا بیماری آنفلوانزا را تصور می‌کرد؟, نوع با پوشینه (کپسول دار).
 چه هدفی در آزمایش‌های گریفیت وجود داشت؟, تولید واکسن برای آنفلوانزا.
 چه نوع باکتری مورد بررسی قرار گرفت؟, استرپتوکوکوس نومونیا.
 نتایج آزمایش بر روی موش‌ها چه گونه بود؟, نوع با پوشینه، سینه پهلو در موش‌ها ایجاد می‌کند.
 آیا نوع بدون پوشینه از باکتری موجب بیماری در موش‌ها می‌شود؟, نه، بیماری نمی‌افتند.
 چگونه گریفیت اثرات باکتری‌ها را بر روی موش‌ها مشاهده کرد؟, با تزریق باکتری‌های پوشینه دار و بدون پوشینه به موش‌ها.
 نتایج تزریق باکتری‌های پوشینه دار چی بود؟, بروز علائم بیماری و مرگ در موش‌ها.
 چگونه گریفیت اثر حرارت بر باکتری‌ها را بررسی کرد؟, با تزریق باکتری‌های پوشینه دار کشته شده با گرما به موش‌ها.
 نتایج تزریق مخلوط باکتری‌های پوشینه دار کشته شده و زنده چی بود؟, موش‌ها در نتیجه تزریق مخلوط مرگ کردند و باکتری‌های پوشینه دار زنده در موش‌های مرده مشاهده شد.
 چه نتیجه‌ای از آزمایش‌های گریفیت به دست آمد؟, انتقال مادهٔ وراثتی ممکن است، اما ماهیت آن ناشناخته است.
 چه عاملی اصلی در انتقال صفات وراثتی نقش دارد؟, مولکول دنا (DNA).
 چگونه دانشمندان ایوری و همکارانش عامل مؤثر در انتقال صفات را شناسایی کردند؟, از عصاره باکتری‌های پوشینه دار باقی‌مانده پس از تخریب پروتئین‌ها استفاده کردند.
 پس از تخریب پروتئین‌ها چه اتفاقی رخ داد؟, باقی‌مانده محلول به محیط کشت باکتری بدون پوشینه اضافه شد و انتقال صفت اثبات شد.
 چه نتیجه‌ای از این تجربه به دست آمد؟, پروتئین‌ها مادهٔ وراثتی نیستند و مولکول دنا اصلی برای انتقال صفات است.
 چگونه مخلوط به دست آمده در آزمایش دیگر جداگانه شد؟, با قرار دادن مخلوط در گریزانه با سرعت بالا.
 چه نتیجه‌ای از جداسازی لایه‌لایه مخلوط به دست آمد؟, انتقال صفت فقط با لایه حاوی دنا انجام می‌شود.
 نتایج آزمایش‌ها چه تأثیری بر تئوری‌های وراثت داشت؟, تأیید کرد که دنا ماده وراثتی اصلی است.
 چرا برخی دانشمندان نتایج را قبول نکردند؟, به دلیل اعتقاد به نقش ماده‌ی وراثتی در پروتئین‌ها.
 چگونه در آزمایش‌ها، نقش آنزیم‌ها در انتقال صفت بررسی شد؟, با اضافه کردن آنزیم‌های تخریب کننده به قسمت‌های مختلف عصارهٔ باکتری و مشاهده انتقال صفت.
 چه نتایجی از آزمایش با آنزیم‌های تخریب کننده به دست آمد؟, انتقال صفت در تمام ظروف انجام می‌شود، به جز زمانی که آنزیم تخریب کننده دنا وجود داشت.
 نتایج این آزمایش‌ها چه مفهومی را برای دانشمندان ایجاد کرد؟, تأیید می‌کند که دنا بازیگر اصلی در انتقال صفت وراثتی است.
 نوکلئیک اسیدها شامل چه دو نوع اصلی هستند؟, دنا (دئوکسی ریبونوکلئیک اسید) و رنا (ریبونوکلئیک اسید).
 نوکلئوتید چه ساختاری دارد؟, قند پنج کربنه، باز آلی نیتروژن دار، و گروه‌های فسفات.
 چه تفاوتی بین دئوکسی ریبوز و ریبوز وجود دارد؟, دئوکسی ریبوز یک اکسیژن کمتر از ریبوز دارد.
 چه گروه‌هایی می‌تواند در باز آلی نیتروژن دار وجود داشته باشد؟, پورین (آدنین و گوانین) و پیریمیدین (سیتوزین، تیمین یا یوراسیل).
 چه تفاوتی بین تیمین و یوراسیل در دنا و رنا وجود دارد؟, در دنا تیمین وجود دارد، اما در رنا باز یوراسیل به جای تیمین استفاده می‌شود.
 تفاوت میان دئوکسی ریبوز و ریبوز چیست؟, دئوکسی ریبوز یک اکسیژن کمتر از ریبوز دارد.
 چه گروه‌هایی می‌توانند در باز آلی نیتروژن دار وجود داشته باشند؟, پورین (آدنین و گوانین) و پیریمیدین (سیتوزین، تیمین یا یوراسیل).
 تفاوت میان ساختار دو حلقه‌ای و تک حلقه‌ای پورین چیست؟, پورین دو حلقه‌ای (آدنین و گوانین) و تک حلقه‌ای (یوراسیل) است.
 در ساختار دنا چه باز هایی شرکت ندارند؟, دنا باز یوراسیل و باز آلی نیتروژن دار (آدنین و گوانین) شرکت ندارند.
 چه تفاوتی بین تیمین و یوراسیل در رنا وجود دارد؟, در رنا به جای تیمین، باز یوراسیل وجود دارد.
 چه عوامل به تشکیل نوکلئوتید کمک می‌کنند؟, باز آلی نیتروژن دار و گروه یا گروه‌های فسفات با پیوند اشتراکی.
 چگونه نوکلئوتیدها از نظر نوع قند، باز آلی و تعداد گروه‌های فسفات با یکدیگر تفاوت دارند؟, تفاوت‌ها در نوع قند (دئوکسی ریبوز یا ریبوز)، نوع باز آلی نیتروژن دار (پورین یا پیریمیدین) و تعداد گروه‌های فسفات وجود دارد.
 چه نوع پیوندی در نوکلئوتیدها به نام فسفودی استر وجود دارد؟, پیوند اشتراکی فسفودی استر.
 چگونه نوکلئوتیدها به هم متصل می‌شوند؟, نوکلئوتیدها با پیوند فسفودی استر به یکدیگر متصل می‌شوند و رشته پلی نوکلئوتیدی را می‌سازند.
 گروه عاملی فسفو دی استر در ساختار نوکلئوتید چیست؟, گروه عاملی فسفو دی استر با فرمول pOPO و در نوکلئوتیدها به عنوان پیوند فسفودی استر وجود دارد.
 رشته‌های پلی نوکلئوتیدی چه می‌سازند؟, رشته‌های پلی نوکلئوتیدی نوکلئیک اسیدها (مثل دنا) یا رنا را می‌سازند.
 چگونه نوکلئوتیدها به رشته پلی نوکلئوتیدی متصل می‌شوند؟, نوکلئوتیدها با پیوند فسفودی استر به یکدیگر متصل می‌شوند و رشته پلی نوکلئوتیدی را می‌سازند.
 چگونه مولکول‌های دنا تشکیل می‌شوند؟, مولکول‌های دنا از دو رشته پلی نوکلئوتید تشکیل می‌شوند.
 چگونه مولکول‌های رنا تشکیل می‌شوند؟, مولکول‌های رنا از یک رشته پلی نوکلئوتید تشکیل می‌شوند.
 چگونه می‌توان دو انتهای رشته‌های پلی نوکلئوتید را با پیوند فسفودی استر به هم متصل کرد؟, دو انتهای رشته‌های پلی نوکلئوتید می‌توانند با پیوند فسفودی استر به هم متصل شوند و نوکلئیک اسید حلقوی را ایجاد کنند.
 چگونه ساختار نوکلئیک اسید حلقوی در باکتری‌ها است؟, در باکتری‌ها، دنا به صورت حلقوی است.
 در نوکلئیک اسیدهای خطی، چه گروه‌هایی در انتهای‌ها آزاد هستند؟, در نوکلئیک اسیدهای خطی، در یک انتها گروه فسفات و در انتهای دیگر گروه هیدروکسیل آزاد است.
 چرا هر رشتهٔ دنا و رنای خطی دو سر متفاوت دارند؟, به دلیل وجود گروه فسفات در یک انتها و گروه هیدروکسیل در انتهای دیگر.
 در ابتدا چه تصوری درباره توزیع نوکلئوتید‌ها در مولکول دنا وجود داشت؟, تصور می‌شد که چهار نوع نوکلئوتید به نسبت مساوی در سراسر مولکول دنا توزیع شده‌اند.
 چه مشاهداتی از تحقیقات چارگاف برای نوکلئوتیدهای دنا به دست آمد؟, مقدار آدنین با مقدار تیمین برابر بوده و مقدار گوانین با مقدار سیتوزین برابری می‌کند.
 چرا مقدار آدنین با مقدار تیمین برابر است و مقدار گوانین با مقدار سیتوزین برابری می‌کند؟, تحقیقات نشان داد که این برابری نوکلئوتیدها به دلیل تشکیل جفت پایه‌های هیدروژنی بین آدنین و تیمین، و همچنین بین گوانین و سیتوزین است.
 چگونه ویلکینز و فرانکلین از پرتو ایکس برای تصویربرداری از دنا استفاده کردند؟, ویلکینز و فرانکلین با استفاده از پرتو ایکس تصاویری از مولکول دنا تهیه کردند.
 چه نتایجی از تصاویر تهیه شده با پرتو ایکس برای ساختار دنا به دست آمد؟, از تصاویر تهیه شده نتایجی مانند حالت مارپیچی و وجود بیش از یک رشته در مولکول دنا به دست آمد.
 چرا استفاده از پرتو ایکس برای تصویربرداری از دنا مفید بود؟, این روش به شناخت ساختار دنا و مشخصهای مهم آن کمک کرد، مانند حالت مارپیچی و تعداد رشته‌ها.
 چگونه واتسون و کریک مدل مولکولی نردبان مارپیچ دنا را ارائه دادند؟, با استفاده از نتایج آزمایش‌های چارگاف، داده‌های تصاویر پرتو ایکس و یافته‌های خود، واتسون و کریک مدل مولکولی نردبان مارپیچ دنا را ساختند.
 چرا واتسون و کریک برای ارائه این مدل مولکولی نردبان مارپیچ دنا جایزه نوبل دریافت کردند؟, این مدل مولکولی نردبان مارپیچ دنا که توسط واتسون و کریک ارائه شد، مفهومی بسیار مهم و دقیق از ساختار دنا ارائه داد و تأثیر گذار بر زمینه بیولوژی مولکولی بود، بنابراین آنها در سال ۱۹۶۲ جایزه نوبل دریافت کردند.
 مدل واتسون و کریک چگونه ساختار مولکول دنا را توصیف می‌کند؟, این مدل مولکول دنا را از دو رشته پلی نوکلئوتیدی ساخته‌شده تشکیل داده است که به دور محوری پیچیده می‌شوند و یک ساختار مارپیچ دو رشته‌ای را ایجاد می‌کنند.
 چه نمایی از ساختار مولکول دنا توسط این مدل ارائه می‌شود؟, این مدل نمایی از ساختار مولکول دنا به عنوان دو رشته پلی نوکلئوتیدی که پیچیده شده و به شکل مارپیچ دو رشته‌ای درآمده‌اند، ارائه می‌کند.
 چگونه پیوندهای هیدروژنی دو رشته دنا را به هم متصل می‌کنند؟, پیوندهای هیدروژنی دو رشته را بازه به بازه نگه می‌دارند.
 بازهای مکمل در دنا چه نقشی ایفا می‌کنند؟, بازهای مکمل جفت بازهای مخالف در تشکیل دو رشته را دارند.
 چرا گوانین با تیمین به صورت اختصاصی تشکیل می‌شوند؟, پیوندهای هیدروژنی بازه G با T ایجاد می‌شود.
 چرا آدنین به G و C مکمل می‌شود؟, آدنین به G و C به عنوان بازهای مکمل می‌پیوندد.
 چرا بین C و G پیوند هیدروژنی بیشتری تشکیل می‌شود؟, پیوند هیدروژنی C و G به علت تعداد پیوندهای هیدروژنی بیشتر قوی‌تر است.
 چرا مکمل بودن بازهای آلی نتایج آزمایش چارگاف T و A را تأیید می‌کند؟, آزمایش چارگاف نشان داد T و A جفت بازهای مکمل هستند.
 چگونه قرارگیری جفت بازها در دنا به پایداری مولکول کمک می‌کند؟, قرارگیری جفت بازها باعث ثابت ماندن قطر مولکول شده و پایداری اطلاعات آن را تضمین می‌کند.
 چرا ثابت ماندن قطر دنا مهم است؟, ثابت ماندن قطر دنا باعث پایداری اطلاعات و تأثیر مؤثر در فشرده‌تر شدن فام تن‌ها می‌شود.
 چگونه جفت شدن بازه‌های مکمل در دنا تشکیل ترتیبی یکسان برای نوکلئوتیدها دارد؟, جفت شدن بازه‌های مکمل باعث تشکیل ترتیبی معکوس در رشتهٔ مکمل (ATGC) می‌شود؛ مثلا TACG به ترتیب TGCA.
 چه نتیجه‌ای از ترتیب نوکلئوتیدها در یک رشته می‌توان به ترتیب نوکلئوتیدهای رشتهٔ مکمل انتقال داد؟, ترتیب نوکلئوتیدها در یک رشته ترتیب نوکلئوتیدهای رشتهٔ مکمل را مشخص می‌کند؛ به عنوان مثال TACG معادل TGCA در رشتهٔ مکمل است.
 چگونه پیوندهای هیدروژنی بین نوکلئوتیدها در دنا به پایداری مولکول کمک می‌کنند؟, برقراری پیوندهای هیدروژنی بین نوکلئوتیدها، از هزاران یا میلیون‌ها نوکلئوتید تشکیل شده، پایداری مولکول دنا را افزایش می‌دهد.
 چطور ممکن است دو رشته دنا در موقع نیاز از هم جدا شوند؟, در برخی نقاط، پیوندهای هیدروژنی می‌توانند کمرنگ شده و دو رشته دنا از هم جدا شوند؛ این امر برای انجام وظایف مختلف ضروری است.
 رنا چگونه از دنا متمایز می‌شود و چه وظایفی انجام می‌دهد؟, رنا از بخش‌های رشته دنا ساخته می‌شود و وظایف متعددی از جمله انتقال اطلاعات از دنا به رناتن‌ها و پروتئین‌سازی توسط رنای پیک، نقل آمینواسیدها با رنای ناقل و شرکت در ساختار رناتن‌ها با رنای رناتنی دارد.
 چه نقشی در ساخت پروتئین دارند؟, رنای پیک (mRNA) اطلاعات ژنتیکی از دنا به رناتن‌ها منتقل می‌کند، که توسط آن پروتئین‌ها ساخته می‌شوند.
 چگونه ترجمه پروتئینی در رناها اتفاق می‌افتد؟, ترجمه پروتئینی توسط رنای پیک (mRNA) با همکاری رنای ناقل (tRNA) انجام می‌شود.
 نقش rRNA در رناتن چیست؟, rRNA در ساختار رناتن‌ها شرکت دارد و همچنین در ترجمه پروتئین‌ها نقش دارد.
 ژن چیست و کجا قرار دارد؟, ژن بخشی از مولکول دنا است که می‌تواند به تولید رنا یا پلی‌پپتید منجر شود و در ساختار دنا قرار دارد.
 چه وظایفی دارد و چگونه اطلاعات وراثتی را منتقل می‌کند؟, ژن‌ها اطلاعات وراثتی را ذخیره و به نسل‌های بعدی منتقل می‌کنند.
 چگونه ژن‌ها به تولید رنا یا پلی‌پپتید منجر می‌شوند؟, ژن‌ها با ترجمه به رنا یا با تولید پلی‌پپتید از طریق فرآیندهای بیان ژنی، دستورالعمل‌های دنا را اجرا می‌کنند.
 نقش آدنوزین‌تری فسفات (ATP) در یاخته چیست؟, ATP منبع انرژی رایج در یاخته است و در فعالیت‌های مختلف سلولی استفاده می‌شود.
 چگونه نوکلئوتیدها در نقل الکترون در فرایندهای فتوسنتز و تنفس یاخته‌ای نقش دارند؟, نوکلئوتیدها در مولکول‌هایی وارد می‌شوند که در نقل الکترون در فرایندهای فتوسنتز و تنفس یاخته‌ای نقش ناقل الکترون را بر عهده دارند.
 چگونه اطلاعات وراثتی بدون کاهش به دو یاخته در تقسیم سلولی منتقل می‌شوند؟, این اطلاعات از طریق همانندسازی دنا به دو یاخته منتقل می‌شوند.
 چه نامی به ساختن مولکول دنای جدید از روی دنای قدیمی گفته می‌شود؟, همانندسازی دنا یا Replication.
 چرا مدل واتسون و کریک وجود رابطهٔ مکملی بین بازهای دنا را برای همانندسازی دنا توجیه می‌کند؟, این مدل تا حد زیادی توضیح می‌دهد چرا بازهای دنا مکمل یکدیگر هستند و چگونه اطلاعات به دو یاخته منتقل می‌شود.
 چگونه همانندسازی حفاظتی در دنا توصیف می‌شود؟, در این طرح، دو رشته از دنا به صورت دست‌نخورده حفظ می‌شوند و هر کدام وارد یک یاخته می‌شوند.
 توضیح دهید چگونه در همانندسازی نیمه حفاظتی دنا رخ می‌دهد؟, در این روش، در هر یاخته، یکی از دو رشته دنای اولیه حفظ می‌شود و رشتهٔ دیگر با استفاده از نوکلئوتید‌های جدید ساخته می‌شود.
 توضیح دهید چگونه در همانندسازی غیر حفاظتی (پراکنده) دنا رخ می‌دهد؟, در این روش، در هر دو دنای حاصل از تقسیم، قطعاتی از رشته‌های قبلی (دنای اولیه) و همچنین رشته‌های جدید به صورت پراکنده در خود دارند.
 چگونه مزلسون و استال به تصمیم گیری دربارهٔ همانندسازی دنا پرداختند؟, مزلسون و استال با طراحی آزمایشی و به کارگیری نشانه‌گذاری با نوکلئوتید‌های حاوی ایزوتوپ سنگین نیتروژن (۱۵N)، توانستند رشته‌های دنای جدید (نوساز) را از رشته‌های قدیمی (۱۵N) تشخیص دهند و بررسی کنند کدام رشته در هر یاخته حاصل از تقسیم و می‌تواند به همانندسازی‌های مختلف اشاره داشته باشد.
 چگونه مزلسون و استال از نوکلئوتیدهای حاوی ایزوتوپ سنگین نیتروژن استفاده کردند؟, با استفاده از نوکلئوتیدهای حاوی ایزوتوپ سنگین نیتروژن (۱۵N) در رشته‌های دنا، مزلسون و استال توانستند دناهای نوساز را از دناهای قدیمی تمایز دهند و از طریق تکنیک‌های مانند سانتریفیوژ سرعت بالا آنها را جدا کنند.
 چگونه مزلسون و استال از نوکلئوتیدهای حاوی ایزوتوپ سنگین نیتروژن (۱۵N) در محیط کشت باکتری‌ها استفاده کردند؟, آنها با نشانه گذاری باکتری‌ها با نوکلئوتیدهای حاوی ایزوتوپ سنگین نیتروژن (۱۵N) و اجازه دادن به آنها برای رشد و تکثیر در محیطی حاوی این نوکلئوتیدها، باکتری‌هایی تولید کردند که دنای سنگین‌تری نسبت به باکتری‌های اولیه داشتند.
 چگونه باکتری‌ها به محیط کشت حاوی نوکلئوتیدهای ۱۴N منتقل شدند و بررسی انجام شد؟, باکتری‌ها به محیط کشت حاوی نوکلئوتیدهای ۱۴N منتقل شدند.
 چگونه چگالی دناها در هر فاصلهٔ زمانی اندازه‌گیری شد؟, دنای باکتری‌ها استخراج شد و در محلولی از سزیم کلرید با سرعت بسیار بالا گریز دادند تا چگالی آنها در هر فاصلهٔ زمانی سنجیده شود.
 نتایج آزمایش مزلسون و استال چه نتایجی نشان می‌دهند؟, نتایج آزمایش نشان می‌دهد که همانندسازی دنا در این موارد نیمه حفاظتی است.
 چگونه دو رشته دنا از یکدیگر باز می‌شوند؟, تحقیقات نشان داده که در محلی که همانندسازی انجام می‌شود، دو رشته دنا باز می‌شوند.
 عوامل مهم همانندسازی چیستند؟, عوامل مهم همانندسازی شامل:
 چه مراحلی در همانندسازی دنا وجود دارد؟, مراحل همانندسازی دنا شامل:
 کدام آنزیم در باز کردن مارپیچ دنا در همانندسازی نقش دارد؟, آنزیم هلیکاز ۱ در باز کردن مارپیچ دنا در همانندسازی نقش دارد.
 آنزیم هلیکاز چه پیوندهایی را در باز کردن دو رشته دنا از هم جدا می‌کند؟, آنزیم هلیکاز به وسیلهٔ پیوندهای هیدروژنی میان نوکلئوتیدها، پیوندهای هیدروژنی بین جفت‌شده‌ی آدنین و تیمین را از هم جدا می‌کند.
 آیا آنزیم دنابسپاراز ۲ پلی مراز در همانندسازی دنا نقش دارد؟, آنزیم دنابسپاراز ۲ پلی مراز در جفت کردن نوکلئوتیدهای مکمل با نوکلئوتیدهای رشته الگو در همانندسازی دنا نقش دارد.
 در محلی که دو رشته دنا از هم جدا می‌شوند، دوراهی همانندسازی چگونه اتفاق می‌افتد؟, در دوراهی همانندسازی، دو ساختار به وجود می‌آید که هریک به آنها دوراهی همانندسازی گفته می‌شود.
 دنابسپاراز چه وظایفی در همانندسازی دنا دارد؟, فعالیت بسپارازی و ویرایش نوکلئازی برای مکمل‌سازی و اصلاح نوکلئوتیدها.
 چرا آنزیم دنابسپاراز ویرایش نوکلئوتیدها انجام می‌دهد؟, برای رفع اشتباهات در همانندسازی و جلوگیری از تغییر نادرست نوکلئوتید.
 توانایی بریدن دنا توسط آنزیم دنابسپاراز چه نام دارد؟, فعالیت نوکلئازی یا ویرایش دنابسپاراز.
 مکمل‌سازی دنا در پیش هسته‌ای‌ها چگونه انجام می‌شود؟, در سیتوپلاسم، رشته الگو مکمل نوکلئوتید‌های آماده را به ترتیب پیوند می‌دهد.
 چگونه پیش‌هسته‌ای‌ها از یوکاریوت‌ها در مورد مکمل‌سازی دنا متفاوتند؟, در پیش‌هسته‌ای‌ها دنا در سیتوپلاسم حلقوی و بدون هسته قرار دارد.
 چگونه دنا در یوکاریوت‌ها سازمان‌دهی شده است؟, دنای هسته‌ای در فام تن خطی و با هیستون‌ها درون هسته قرار دارد.
 دنای سیتوپلاسمی در کجا وجود دارد؟, دنای سیتوپلاسمی در راکیزه و سبزدیسه یافت می‌شود.
 چگونه همانندسازی در پیش هسته‌ای‌ها اتفاق می‌افتد؟, همانندسازی در پیش هسته‌ای‌ها از یک نقطه آغاز می‌شود و به دو جهت ادامه پیدا می‌کند.
 چه ویژگی‌ای در باکتری‌ها در مورد همانندسازی دو جهتی وجود دارد؟, در باکتری‌ها همانندسازی دو جهتی از یک نقطه آغاز شده و به دو جهت ادامه می‌یابد.
 چرا همانندسازی در هو هسته‌ای‌ها پیچیده‌تر است؟, به دلیل وجود زیاد دنا و چندین فام تن در هو هسته‌ای‌ها، همانندسازی زمان‌برتر است.
 چرا در هو هسته‌ای‌ها آغاز همانندسازی در چندین نقطه انجام می‌شود؟, به دلیل وجود مقادیر زیاد دنا و چندین فام تن، همانندسازی در چندین نقطه آغاز می‌شود تا زمان همانندسازی کاهش یابد.
 چرا تعداد نقاط آغاز همانندسازی در هو هسته‌ای‌ها متغیر است؟, به تنظیم سرعت تقسیم یاخته‌ها و مراحل رشد و نمو، تعداد نقاط آغاز همانندسازی در هو هسته‌ای‌ها متغیر است.
 چرا در دوران جنینی تعداد نقاط آغاز همانندسازی زیاد است؟, در مراحل مورولا و بلاستولا با تقسیم سریع یاخته‌ها، تعداد نقاط آغاز همانندسازی افزایش می‌یابد.
 نقش پروتئین‌ها در یاخته‌ها چیست؟, پروتئین‌ها در فرایندهای مختلف یاخته‌ای نقش کلیدی دارند.
 چگونگی تشکیل آمینواسیدها و ساختار آنها را توضیح دهید., آمینواسیدها از گروه‌های آمین و کربوکسیل بر روی یک کربن مرکزی تشکیل می‌شوند، و تنوع ویژگی‌ها در R گروه واقع شده تعیین می‌شود.
 چگونگی تأثیر آمینواسیدها در شکل دهی پروتئین‌ها است؟, ویژگی‌های شیمیایی گروه R در هر آمینواسید باعث تأثیر در ساختار و شکل پروتئین‌ها می‌شود.
 چگونه پیوند پپتیدی بین آمینواسیدها شکل می‌گیرد؟, در محیط آبی، گروه‌های آمین و کربوکسیل آمینواسیدها با یکدیگر واکنش سنتز آبدهی انجام داده و با ایجاد پیوند پپتیدی با هم اتصال می‌یابند.
 چگونه زنجیره‌های پلی پپتید تشکیل می‌شوند؟, آمینواسیدها با پیوندهای پپتیدی به یکدیگر متصل می‌شوند و زنجیره‌ای به نام پلی پپتید شکل می‌گیرد که اساس پروتئین‌ها را تشکیل می‌دهد.
 چرا ترتیب آمینواسیدها در پروتئین‌ها مهم است؟, ترتیب آمینواسیدها تعیین کننده ساختار و عملکرد پروتئین‌ها است و توسط روش‌های شیمیایی تعیین می‌شود.
 چرا تنها ۲۰ نوع از آمینواسیدها در ساختار پروتئین‌ها استفاده می‌شوند؟, این ۲۰ آمینواسید اساسی برای ساختار و عملکرد پروتئین‌ها مهمند؛ ۸ از آنها برای انسان ضروری هستند و باید از غذا تأمین شوند.
 چگونه ساختار فضایی پروتئین تعیین می‌شود؟, استفاده از پرتوهای ایکس و روش‌های دیگر به ما ساختار سه‌بعدی پروتئین‌ها را نشان می‌دهد و مکان اتم‌ها را تعیین می‌کند.
 نقش میوگلوبین در بدن چیست؟, میوگلوبین پروتئینی است که در حمل اکسیژن در خون نقش دارد.
 پروتئین‌ها چهار سطح ساختاری دارند؟, پروتئین‌ها در سطوح ساختاری اولیه، دومی، سومی و چهارمی بررسی می‌شوند؛ هر سطح بالاتر بر مبنای ساختار پایینی تشکیل می‌شود.
 ساختار اول پروتئین چگونه تشکیل می‌شود؟, ساختار اول پروتئین با ترتیب خطی آمینواسیدها و ایجاد پیوندهای پپتیدی شکل می‌گیرد.
 چگونه تغییر در توالی آمینواسیدها ساختار اول پروتئین را تغییر می‌دهد؟, تغییر در توالی آمینواسیدها تغییر در ساختار اول پروتئین ایجاد می‌کند و ممکن است فعالیت آن را تغییر دهد.
 چرا توالی آمینواسیدها در ساختار اول پروتئین مهم است؟, توالی آمینواسیدها در ساختار اول پروتئین تاثیر بسزایی بر روی نوع، تعداد، ترتیب و تکرار آمینواسیدها دارد و از اهمیت ویژه‌ای برای تشکیل ساختارهای دیگر پروتئین دارد.
 چه عواملی باعث تشکیل ساختار دوم پروتئین می‌شوند؟, پیوندهای هیدروژنی بین بخش‌های زنجیره پلی پپتیدی، به صورت مارپیچ یا صفحه‌ای، عامل اصلی تشکیل ساختار دوم پروتئین می‌باشند.
 چگونه ساختار دوم پروتئین‌ها شکل می‌گیرد؟, پیوندهای هیدروژنی بین بخش‌های زنجیره پپتیدی مارپیچی یا صفحه‌ای، ساختار دوم پروتئین‌ها را شکل می‌دهند.
 چه نمونه‌هایی از پروتئین‌ها ساختار دوم مارپیچی دارند؟, هموگلوبین، با تشکیل زنجیره‌های پپتیدی مارپیچی، ساختار دوم خود را شکل می‌دهند.
 چگونه ساختار سوم پروتئین‌ها شکل می‌گیرد؟, ساختار سوم با تاخوردگی بیشتر صفحات و مارپیچ‌های ساختار دوم، به شکل کروی درآمده و با تشکیل پیوندهای آب گریز و هیدروژنی، تثبیت می‌شود.
 چطور پیوندها در ساختار سوم پروتئین‌ها تشکیل می‌شوند؟, گروه‌های آمینواسیدهای آب گریز با تشکیل پیوندهای هیدروژنی، اشتراکی و یونی در ساختار سوم پروتئین به هم متصل می‌شوند.
 چرا ساختار سوم پروتئین‌ها مهم است؟, ساختار سوم پروتئین‌ها تعیین‌کننده ویژگی‌ها و عملکرد آنهاست؛ تغییرات کوچک در این ساختار می‌تواند عملکرد پروتئین را تغییر دهد.
 نمونه‌هایی از پروتئین‌ها با ساختار سوم را بیان کنید., میوگلوبین یک نمونه از پروتئین‌ها با ساختار سوم است که در آن صفحات و مارپیچ‌ها به شکل کروی درآمده‌اند.
 چه زمانی ساختار چهارم پروتئین‌ها شکل می‌گیرد؟, ساختار چهارم پروتئین‌ها زمانی شکل می‌گیرد که دو یا چند زنجیره پلی پپتید در کنار یکدیگر قرار گیرند و پروتئین را تشکیل دهند.
 چه نقشی در شکل‌گیری پروتئین دارند؟, در ساختار چهارم، هر یک از زنجیره‌ها نقشی کلیدی در شکل‌گیری و ساختار نهایی پروتئین ایفا می‌کنند.
 چه نوع پروتئین‌هایی ساختار چهارم را دارند؟, پروتئین‌هایی که از دو یا چند زنجیره پلی پپتید تشکیل شده و نحوه آرایش آن زیر واحدها در کنار هم مهم است، ساختار چهارم دارند.
 چرا ساختار چهارم پروتئین‌ها مهم است؟, ساختار چهارم پروتئین‌ها تعیین‌کننده ویژگی‌ها و عملکرد آنهاست؛ نقش زیر واحدها در این ساختار به تشکیل ساختار نهایی و عملکرد پروتئین کمک می‌کند.
 هموگلوبین چه ترکیبی از زنجیره‌های پلی پپتید دارد؟, هموگلوبین چهار زنجیره از دو نوع متفاوت از زنجیره‌های پلی پپتید دارد.
 چگونه زنجیره‌های پلی پپتید در ساختار اول ترتیب خاصی از آمینواسیدها را دارند؟, در ساختار اول، هر زنجیره پلی پپتید ترتیب خاصی از آمینواسیدها را دارد که این ترتیب مشخص می‌کند که کدام آمینواسید در کجا قرار دارد.
 چگونه زنجیره‌های پلی پپتید در ساختار دوم ظاهر می‌شوند؟, در ساختار دوم، زنجیره‌های پلی پپتید به شکل مارپیچی به هم پیچیده می‌شوند.
 ساختار سوم چگونه شکل می‌گیرد؟, در ساختار سوم، هر زنجیره به صورت یک زیر واحد تاخورده شکل خاصی پیدا می‌کند و این زنجیره‌ها به صورت کروی در کنار هم قرار می‌گیرند.
 چگونه ساختار نهایی هموگلوبین شکل می‌گیرد؟, در ساختار چهارم، چهار زنجیره پلی پپتید مختلف در کنار هم قرار گرفته و به شکل نهایی هموگلوبین شکل می‌گیرند.
 پروتئین‌ها در چه فعالیت‌هایی شرکت دارند؟, فعالیت آنزیمی، سرعت واکنش‌های شیمیایی را افزایش می‌دهند.
 چه نقشی در ساختار و فعالیت‌های زیستی دارند؟, پروتئین‌ها نقش اساسی در کاتالیز و واکنش‌های زیستی دارند.
 چه ساختاری در پروتئین‌ها نقش اساسی در آرایش چهارم دارند؟, زنجیره‌های پلی پپتیدی در کنار یکدیگر قرار گرفته‌اند.
 نقش پروتئین‌ها در غشای یاخته‌ها چیست؟, به عنوان گیرنده‌ها مولکول‌ها را تشخیص می‌دهند.
 پروتئین‌ها چگونه گازهای تنفسی را منتقل می‌کنند؟, مثل هموگلوبین، در خون انجام می‌دهند.
 نقش پمپ سدیم-پتاسیم چیست؟, در جابه‌جایی یون‌ها در غشا و فعالیت آنزیمی شرکت دارد.
 پروتئین کلاژن در کدام بافت‌های بدن وجود دارد؟, پوست، استخوان، زردپی، رباط.
 انقباض ماهیچه‌ها از چه پروتئین‌هایی ناشی می‌شود؟, اکتین و میوزین.
 هورمون‌ها چه نقشی در بدن دارند؟, تنظیم و ارسال پیام‌های بین یاخته‌ای.
 پروتئین‌های مهارکننده ژن‌ها چه نقشی دارند؟, تنظیم فعالیت و غیرفعالیت ژن‌ها.
 چرا انرژی فعال‌سازی برای واکنش‌های شیمیایی ضروری است؟, برای شروع واکنش‌ها نیاز به انرژی فعال‌سازی داریم.
 نقش آنزیم‌ها در واکنش‌های بیولوژیکی چیست؟, افزایش امکان برخورد مولکول‌ها، کاهش انرژی فعال‌سازی، و افزایش سرعت واکنش‌ها.
 آنزیم‌ها چگونه سرعت واکنش‌های زنده را افزایش می‌دهند؟, با افزایش احتمال برخورد مولکول‌ها و کاهش انرژی فعال‌سازی.
 چرا آنزیم‌ها در فعالیت‌های بیولوژیکی مؤثرند؟, بهبود سرعت واکنش‌های زنده، حفظ انرژی ضروری، و بهبود کارایی سیستم‌های زیستی.
 نقش پمپ سدیم-پتاسیم در غشا چیست؟, جابه‌جایی یون‌های سدیم و پتاسیم در غشا و فعالیت آنزیمی.
 جایگاه فعال در ساختار آنزیم چیست؟, بخشی اختصاصی که پیش ماده آن در آن قرار می‌گیرد.
 چه نقشی در ساختار آنزیم دارد؟, تبدیل پیش ماده به محصول و فعالیت آنزیم را تسهیل می‌کند.
 چرا برخی آنزیم‌ها به کوآنزیم‌ها و مواد کمک می‌کنند؟, برای فعالیت بهتر نیاز به یون‌های فلزی یا ویتامین‌ها دارند.
 تأثیر مواد سمی در ساختار آنزیم چیست؟, مانع فعالیت آنزیم می‌شوند، و بعضا مرگ موجب می‌شوند.
 چرا آنزیم‌ها در فعالیت زیستی ضروری هستند؟, برای تسریع و کاهش انرژی فعال‌سازی واکنش‌های زیستی.
 چرا آنزیم‌ها به عنوان عملکرد اختصاصی شناخته می‌شوند؟, بخاطر مطابقت شکل آنزیم با پیش ماده در جایگاه فعال.
 آیا تمام آنزیم‌ها تنها یک نوع واکنش را تسریع می‌کنند؟, خیر، برخی آنزیم‌ها بیش از یک نوع واکنش را تسریع می‌کنند.
 چرا یاخته‌ها به آنزیم‌ها به مقدار کمی نیاز دارند؟, آنزیم‌ها سرعت واکنش را زیاد کرده و به اندازه کمتری نیاز است.
 چرا یاخته‌ها به مدت طولانی از آنزیم‌ها استفاده می‌کنند؟, آنزیم‌ها پس از پایان واکنش بی‌تغییر می‌مانند و مجددا قابل استفاده هستند.
 چرا تولید آنزیم‌های جدید برای یاخته‌ها ضروری است؟, برخی آنزیم‌ها با زمان از بین می‌روند و برای تأمین نیازهای جدید نیاز به تولید آنزیم‌های جدید است.
 چه عواملی بر فعالیت آنزیم‌ها تأثیر می‌گذارند؟, دما، غلظت آنزیم، pH، و پیش‌ماده.
 چرا pH مهم برای فعالیت آنزیم‌ها است؟, pH مؤثر بر ساختار آنزیم و توانایی اتصال به پیش‌ماده است.
 چه pH به عنوان بهینه فعالیت آنزیم‌ها مطرح می‌شود؟, pH بهینه فعالیت آنزیم، pH ویژه‌ای است که بهترین فعالیت را دارد.
 چرا تغییر pH می‌تواند فعالیت آنزیم‌ها را تغییر دهد؟, تغییر pH باعث تغییر شکل آنزیم می‌شود و ممکن است اتصال آن به پیش‌ماده کاهش یابد.
 در چه دمایی آنزیم‌های بدن انسان بهترین فعالیت را دارند؟, ۳۷ درجه سانتی‌گراد.
 چرا دما برای فعالیت آنزیم‌ها مهم است؟, دما مؤثر در ساختار و فعالیت آنزیم‌هاست.
 آیا تأثیر دما بر فعالیت آنزیم‌ها قابل برگشت است؟, بله، برخی آنزیم‌ها در دمای پایین غیرفعال می‌شوند و با بازگشت به دمای طبیعی ممکن است به فعالیت برگردند.
 آیا غلظت آنزیم تأثیری بر سرعت واکنش دارد؟, بله، غلظت کمی از آنزیم می‌تواند مقدار زیادی از پیش ماده را تبدیل کند، اما افزایش غلظت بیش از حد تمام جایگاه‌های فعال را پر می‌کند و سرعت ثابت می‌شود.
 آیا افزایش غلظت پیش ماده تا حدی تأثیری بر سرعت واکنش دارد؟, بله، افزایش غلظت پیش ماده ممکن است سرعت واکنش را تا حدی افزایش دهد، اما وقتی تمامی جایگاه‌های فعال آنزیم با پیش ماده پر شوند، سرعت ثابت می‌شود.
 چرا افزایش غلظت آنزیم بیش از حد نهایی تأثیری بر سرعت واکنش ندارد؟, از آنجایی که تمام جایگاه‌های فعال آنزیم‌ها با پیش ماده پر می‌شوند، افزایش غلظت آنزیم بیش از حد تمامی جایگاه‌های فعال را اشغال می‌کند و سرعت واکنش ثابت می‌ماند.
